{
  "USD_KRW": 1350.0,
  "EUR_KRW": 1450.0,
  "JPY_KRW": 9.5,
  "KRW_USD": 0.0007407407407407407,
  "KRW_EUR": 0.000689655172413793,
  "USD_USD": 1.0,
  "EUR_EUR": 1.0,
  "KRW_KRW": 1.0,
  "USD_EUR": 0.92,
  "EUR_USD": 1.09
}